{
    "template_image": "fiducial/images/plantilla_fiducial.png",
    "template_label": "fiducial/labels/plantilla_fiducial.txt",
    "notes": "fiducial/notes.json",
    "fiduciales": [
        "F1",
        "F2",
        "F3",
        "F4",
        "F5"
    ],
    "out_width": 1355,
    "out_height": 774,
    "puntos_destino": {
        "F1": {
            "class_id": 1,
            "x_norm": 0.031164247727438293,
            "y_norm": 0.5903525335875156,
            "width_norm": 0.03966358801673965,
            "height_norm": 0.1388738030043468,
            "x_px": 42.22755567067889,
            "y_px": 456.9328609967371,
            "linea_label": 1
        },
        "F2": {
            "class_id": 2,
            "x_norm": 0.5446516022123724,
            "y_norm": 0.5096223220912104,
            "width_norm": 0.18964514387012543,
            "height_norm": 0.054658785439028676,
            "x_px": 738.0029209977646,
            "y_px": 394.44767729859683,
            "linea_label": 2
        },
        "F3": {
            "class_id": 3,
            "x_norm": 0.9314583133377198,
            "y_norm": 0.7175962752316852,
            "width_norm": 0.02659657505495659,
            "height_norm": 0.05060998651761906,
            "x_px": 1262.1260145726103,
            "y_px": 555.4195170293244,
            "linea_label": 3
        },
        "F4": {
            "class_id": 4,
            "x_norm": 0.9170036529817651,
            "y_norm": 0.9534388124037904,
            "width_norm": 0.07169511536553515,
            "height_norm": 0.04858558705691436,
            "x_px": 1242.5399497902918,
            "y_px": 737.9616408005337,
            "linea_label": 4
        },
        "F5": {
            "class_id": 5,
            "x_norm": 0.060191518467852256,
            "y_norm": 0.15925849337391346,
            "width_norm": 0.09575923392612859,
            "height_norm": 0.055081884926315945,
            "x_px": 81.55950752393981,
            "y_px": 123.26607387140902,
            "linea_label": 5
        }
    },
    "classes": {
        "0": "C",
        "1": "F1",
        "2": "F2",
        "3": "F3",
        "4": "F4",
        "5": "F5",
        "6": "IC1",
        "7": "IC2",
        "8": "L",
        "9": "MISSING",
        "10": "R",
        "11": "RP"
    },
    "labels_ignorados": [
        {
            "linea": 6,
            "class_id": 10,
            "class_name": "R",
            "contenido": "10 0.05677154582763336 0.2897786120036616 0.028727770177838566 0.18679943583707112"
        },
        {
            "linea": 7,
            "class_id": 10,
            "class_name": "R",
            "contenido": "10 0.253077975376197 0.28858117972265523 0.027359781121751005 0.19877375864714014"
        },
        {
            "linea": 8,
            "class_id": 10,
            "class_name": "R",
            "contenido": "10 0.15595075239398087 0.28977861200366206 0.03556771545827633 0.20116862320915385"
        },
        {
            "linea": 9,
            "class_id": 10,
            "class_name": "R",
            "contenido": "10 0.3508891928864569 0.2921734765656758 0.028727770177838608 0.19637889408512635"
        },
        {
            "linea": 10,
            "class_id": 10,
            "class_name": "R",
            "contenido": "10 0.44870041039671676 0.28977861200366206 0.03283173734610124 0.20116862320915385"
        },
        {
            "linea": 11,
            "class_id": 10,
            "class_name": "R",
            "contenido": "10 0.5465116279069767 0.2945683411276896 0.028727770177838535 0.19637889408512638"
        },
        {
            "linea": 12,
            "class_id": 10,
            "class_name": "R",
            "contenido": "10 0.6292749658002735 0.2981606379707102 0.030095759233925955 0.19877375864714011"
        },
        {
            "linea": 13,
            "class_id": 10,
            "class_name": "R",
            "contenido": "10 0.7428180574555404 0.299358070251717 0.02735978112175104 0.2011686232091538"
        },
        {
            "linea": 14,
            "class_id": 10,
            "class_name": "R",
            "contenido": "10 0.8399452804377564 0.2969632056897033 0.02462380300957591 0.19158916496109893"
        },
        {
            "linea": 15,
            "class_id": 10,
            "class_name": "R",
            "contenido": "10 0.9350205198358412 0.2969632056897033 0.025991792065663474 0.19637889408512635"
        },
        {
            "linea": 16,
            "class_id": 8,
            "class_name": "L",
            "contenido": "8 0.05540355677154583 0.06585877545537773 0.07797537619699042 0.12213809266270052"
        },
        {
            "linea": 17,
            "class_id": 8,
            "class_name": "L",
            "contenido": "8 0.15526675786593708 0.0706485045794052 0.06976744186046513 0.11734836353867306"
        },
        {
            "linea": 18,
            "class_id": 8,
            "class_name": "L",
            "contenido": "8 0.25170998632010944 0.07304336914141894 0.06839945280437754 0.11734836353867306"
        },
        {
            "linea": 19,
            "class_id": 8,
            "class_name": "L",
            "contenido": "8 0.34815321477428185 0.07304336914141894 0.07250341997264023 0.11734836353867306"
        },
        {
            "linea": 20,
            "class_id": 8,
            "class_name": "L",
            "contenido": "8 0.448016415868673 0.07424080142242581 0.0725034199726403 0.11495349897665932"
        },
        {
            "linea": 21,
            "class_id": 8,
            "class_name": "L",
            "contenido": "8 0.5485636114911081 0.07663566598443956 0.06839945280437754 0.12453295722471429"
        },
        {
            "linea": 22,
            "class_id": 8,
            "class_name": "L",
            "contenido": "8 0.6409028727770177 0.07903053054645329 0.06703146374828997 0.12453295722471427"
        },
        {
            "linea": 23,
            "class_id": 8,
            "class_name": "L",
            "contenido": "8 0.7407660738714089 0.07663566598443956 0.06703146374829004 0.11495349897665934"
        },
        {
            "linea": 24,
            "class_id": 8,
            "class_name": "L",
            "contenido": "8 0.8378932968536251 0.07663566598443956 0.06976744186046517 0.11495349897665934"
        },
        {
            "linea": 25,
            "class_id": 8,
            "class_name": "L",
            "contenido": "8 0.9336525307797539 0.08142539510846702 0.07250341997264016 0.12453295722471429"
        },
        {
            "linea": 26,
            "class_id": 10,
            "class_name": "R",
            "contenido": "10 0.393296853625171 0.89088961706911 0.11354309165526671 0.04789729124027474"
        },
        {
            "linea": 27,
            "class_id": 10,
            "class_name": "R",
            "contenido": "10 0.7688098495212039 0.9016665075981717 0.10123119015047877 0.06466134317437082"
        },
        {
            "linea": 28,
            "class_id": 0,
            "class_name": "C",
            "contenido": "0 0.5232558139534883 0.8633486746059519 0.06976744186046517 0.11734836353867309"
        },
        {
            "linea": 29,
            "class_id": 0,
            "class_name": "C",
            "contenido": "0 0.20861833105335145 0.6370339734956538 0.07797537619699023 0.23469672707734618"
        },
        {
            "linea": 30,
            "class_id": 11,
            "class_name": "RP",
            "contenido": "11 0.1484268125854993 0.8789152942590411 0.20109439124487005 0.17243024846498897"
        },
        {
            "linea": 31,
            "class_id": 6,
            "class_name": "IC1",
            "contenido": "6 0.38577291381668943 0.6514031608677362 0.15868673050615592 0.2107480814572088"
        },
        {
            "linea": 32,
            "class_id": 7,
            "class_name": "IC2",